年,日付,日付の補足,イベント名,補足,主催・開催地,リンク,仮の年?,英語：日付,英語：日付の補足,英語：イベント名,英語：補足,英語：主催・開催地
（西暦4けた）,（例 6/7、7/18・19、10月。注記の行は ※）,（例 予備日 6/14、日程未定）,（必ず書く）,（例 逗子OC6レース）,（例 COCC／茅ヶ崎）,（専用ページがあるときだけ。例 hukilau.html）,（その年が仮の内容なら「はい」）,（空なら日本語の日付を表示）,,（空なら日本語の名前を表示）,,
2026,3/22,,新入会員対象 活動セミナー,天候、ルール、装備、安全対策ほか,クラブ,,,3/22,,Seminar for new members,"Weather, rules, equipment, safety and more",Club
2026,4/4・5,,シーズンイン,,,,,4/4–5,,Season opening,,
2026,4/18・19,,OC1V1 JAPAN CUP,南伊豆OC1レース,Va'a JAPAN／下田 弓ヶ浜,,,4/18–19,,OC1V1 JAPAN CUP,Minami-Izu OC1 race,"Va'a JAPAN / Yumigahama, Shimoda"
2026,5/4,,GW Paddletrip,,COCC／三浦方面,,,5/4,,GW Paddletrip,,COCC / Miura area
2026,5/6,,MOLOKAI SOLO,,モロカイ島→オアフ島（ワイキキ）,,,5/6,,MOLOKAI SOLO,,Molokai to Oahu (Waikiki)
2026,5月,GW・日程未定,BBQ,,COCC／茅ヶ崎ビーチ,,,May,"Golden Week, date TBC",BBQ,,COCC / Chigasaki Beach
2026,5/23・24,,JOCAカップ,逗子OC6レース,JOCA／逗子海岸,,,5/23–24,,JOCA Cup,Zushi OC6 race,JOCA / Zushi Beach
2026,6/7,予備日 6/14,湘南パドリングチャレンジ,江の島OC6レース,SOCC／江ノ島東浜,,,6/7,backup 6/14,Shonan Paddling Challenge,Enoshima OC6 race,SOCC / Enoshima Higashihama
2026,6/27,予備日 6/28,The Race,,Wailea／鎌倉 材木座,,,6/27,backup 6/28,The Race,,"Wailea / Zaimokuza, Kamakura"
2026,7/18・19,,大島クロッシング,茅ヶ崎⇔大島,COCC／伊豆大島,,,7/18–19,,Oshima Crossing,Chigasaki to Oshima and back,COCC / Izu Oshima
2026,7/20,月・祝,浜降祭,,茅ヶ崎,,,7/20,"Mon, holiday",Hamaori Festival,,Chigasaki
2026,8/4〜9,,小笠原KIDSキャンプ,,COCC／小笠原 父島,,,8/4–9,,Ogasawara KIDS Camp,,"COCC / Chichijima, Ogasawara"
2026,8/29,予備日 8/30,Women's Paddle Meet Ho'aikane,,COCC／茅ヶ崎,hoaikane.html,,8/29,backup 8/30,Women's Paddle Meet Ho'aikane,,COCC / Chigasaki
2026,9/3〜7,,QUEEN LILI'UOKALANI CANOE RACE,KONA,ハワイ島,,,9/3–7,,QUEEN LILI'UOKALANI CANOE RACE,KONA,Island of Hawaii
2026,9/26,,三浦半島Paddle,和田浜－油壷－城ヶ島,COCC・SPC／油壷周辺,,,9/26,,Miura Peninsula Paddle,"Wadahama, Aburatsubo, Jogashima","COCC, SPC / around Aburatsubo"
2026,10/3・4,,HAWAIKI NUI VA'A,,OCEAN／葉山,,,10/3–4,,HAWAIKI NUI VA'A,,OCEAN / Hayama
2026,10月,日程未定,逗子パドルミート,逗子OC6スプリントレース,Ohana Hoe／逗子,,,Oct,date TBC,Zushi Paddle Meet,Zushi OC6 sprint race,Ohana Hoe / Zushi
2026,10月,日程未定,湘南パドリングチャレンジU19,江ノ島OC6レース,SOCC／江ノ島東浜,,,Oct,date TBC,Shonan Paddling Challenge U19,Enoshima OC6 race,SOCC / Enoshima Higashihama
2026,10/31・11/1,,HUKILAU CHALLENGE,茅ヶ崎OC6チャンピオンシップ,COCC／茅ヶ崎,hukilau.html,,10/31–11/1,,HUKILAU CHALLENGE,Chigasaki OC6 Championship,COCC / Chigasaki
2026,12/19,,Christmas Race ＆ 忘年会,,COCC／茅ヶ崎,,,12/19,,Christmas Race & year-end party,,COCC / Chigasaki
2026,※,,COCCファミリーデーは日程未定です。,,,,,,,COCC Family Day: date to be decided.,,
2025,3月,,新入会員対象 活動セミナー,天候、ルール、装備、安全対策ほか,クラブ,,はい,Mar,,Seminar for new members,"Weather, rules, equipment, safety and more",Club
2025,4月,,シーズンイン,,,,はい,Apr,,Season opening,,
2025,4月,,OC1V1 JAPAN CUP,南伊豆OC1レース,Va'a JAPAN／下田 弓ヶ浜,,はい,Apr,,OC1V1 JAPAN CUP,Minami-Izu OC1 race,"Va'a JAPAN / Yumigahama, Shimoda"
2025,5月,,GW Paddletrip,,COCC／三浦方面,,はい,May,,GW Paddletrip,,COCC / Miura area
2025,5月,,MOLOKAI SOLO,,モロカイ島→オアフ島（ワイキキ）,,はい,May,,MOLOKAI SOLO,,Molokai to Oahu (Waikiki)
2025,5月,,BBQ,,COCC／茅ヶ崎ビーチ,,はい,May,,BBQ,,COCC / Chigasaki Beach
2025,5月,,JOCAカップ,逗子OC6レース,JOCA／逗子海岸,,はい,May,,JOCA Cup,Zushi OC6 race,JOCA / Zushi Beach
2025,6月,,湘南パドリングチャレンジ,江の島OC6レース,SOCC／江ノ島東浜,,はい,Jun,,Shonan Paddling Challenge,Enoshima OC6 race,SOCC / Enoshima Higashihama
2025,6月,,The Race,,Wailea／鎌倉 材木座,,はい,Jun,,The Race,,"Wailea / Zaimokuza, Kamakura"
2025,7月,,大島クロッシング,茅ヶ崎⇔大島,COCC／伊豆大島,,はい,Jul,,Oshima Crossing,Chigasaki to Oshima and back,COCC / Izu Oshima
2025,7月,,浜降祭,,茅ヶ崎,,はい,Jul,,Hamaori Festival,,Chigasaki
2025,8月,,小笠原KIDSキャンプ,,COCC／小笠原 父島,,はい,Aug,,Ogasawara KIDS Camp,,"COCC / Chichijima, Ogasawara"
2025,8月,,Women's Paddle Meet Ho'aikane,,COCC／茅ヶ崎,hoaikane.html,はい,Aug,,Women's Paddle Meet Ho'aikane,,COCC / Chigasaki
2025,9月,,QUEEN LILI'UOKALANI CANOE RACE,KONA,ハワイ島,,はい,Sep,,QUEEN LILI'UOKALANI CANOE RACE,KONA,Island of Hawaii
2025,9月,,三浦半島Paddle,和田浜－油壷－城ヶ島,COCC・SPC／油壷周辺,,はい,Sep,,Miura Peninsula Paddle,"Wadahama, Aburatsubo, Jogashima","COCC, SPC / around Aburatsubo"
2025,10月,,HAWAIKI NUI VA'A,,OCEAN／葉山,,はい,Oct,,HAWAIKI NUI VA'A,,OCEAN / Hayama
2025,10月,,逗子パドルミート,逗子OC6スプリントレース,Ohana Hoe／逗子,,はい,Oct,,Zushi Paddle Meet,Zushi OC6 sprint race,Ohana Hoe / Zushi
2025,10月,,湘南パドリングチャレンジU19,江ノ島OC6レース,SOCC／江ノ島東浜,,はい,Oct,,Shonan Paddling Challenge U19,Enoshima OC6 race,SOCC / Enoshima Higashihama
2025,10月,,HUKILAU CHALLENGE,茅ヶ崎OC6チャンピオンシップ,COCC／茅ヶ崎,hukilau.html,はい,Oct,,HUKILAU CHALLENGE,Chigasaki OC6 Championship,COCC / Chigasaki
2025,12月,,Christmas Race ＆ 忘年会,,COCC／茅ヶ崎,,はい,Dec,,Christmas Race & year-end party,,COCC / Chigasaki
